GuestIDCardNumber,AccommodationID,Rating,Comment
002664452964,ACM000000346,5,Upgradable next generation matrices
006058703131,ACM000000388,4,Centralized methodical support
007450875441,ACM000000096,3,
008610731787,ACM000000022,4,Quality-focused upward-trending synergy
008610731787,ACM000000122,4,
008610731787,ACM000000518,4,
008610731787,ACM000000567,4,Total bandwidth-monitored analyzer
014314548443,ACM000000676,4,Organized upward-trending groupware
021313553407,ACM000000022,5,Decentralized multimedia functionalities
021313553407,ACM000000633,2,Down-sized national archive
021313553407,ACM000000650,2,Switchable systemic moratorium
021616295528,ACM000000321,1,Progressive fault-tolerant Graphical User Interface
022091385331,ACM000000988,4,
022319728669,ACM000000588,4,
022884163266,ACM000000453,5,Switchable executive model
023392533823,ACM000000759,3,Triple-buffered directional installation
026969742275,ACM000000483,4,Re-engineered grid-enabled moratorium
028443942199,ACM000000993,4,Extended grid-enabled groupware
031464697744,ACM000000789,4,Extended mission-critical algorithm
033046123382,ACM000000269,4,
040646404415,ACM000000759,3,Profit-focused 6th generation hub
049122282772,ACM000000921,4,Virtual logistical throughput
049282576851,ACM000000486,3,
049282576851,ACM000000723,2,Extended needs-based frame
050190042106,ACM000000102,4,
050747065775,ACM000000398,4,Face to face 6th generation access
051422207075,ACM000000282,4,Reduced zero defect customer loyalty
054641483041,ACM000000917,4,
056653586952,ACM000000568,4,Decentralized composite firmware
058270731920,ACM000000407,5,
058939288512,ACM000000552,4,
059425985482,ACM000000269,4,De-engineered incremental instruction set
061802481060,ACM000000267,4,Progressive homogeneous database
061802481060,ACM000000818,4,Robust optimizing toolset
067493694406,ACM000000962,4,
067750567715,ACM000000207,4,Fundamental object-oriented hub
067750567715,ACM000000260,4,Open-source impactful internet solution
067750567715,ACM000000769,4,Synchronised impactful structure
069187462471,ACM000000988,5,
071397950460,ACM000000394,4,Open-architected value-added project
072272864820,ACM000000400,4,
072272864820,ACM000000496,4,Re-contextualized actuating algorithm
072272864820,ACM000000836,3,Triple-buffered coherent installation
073930000590,ACM000000608,4,Assimilated mobile knowledge user
076744658358,ACM000000690,4,
080097535018,ACM000000798,3,Persevering fresh-thinking secured line
080635159400,ACM000000982,4,Stand-alone uniform matrix
082609090735,ACM000000514,5,Ergonomic next generation website
082609090735,ACM000000839,5,Front-line explicit structure
083753416799,ACM000000962,2,Polarised coherent extranet
084061679268,ACM000000704,3,Fundamental asynchronous portal
084105085528,ACM000000211,3,User-centric optimizing paradigm
091410124752,ACM000000726,4,Grass-roots zero defect knowledge base
092692876596,ACM000000024,4,Networked tertiary benchmark
093552378623,ACM000000822,3,
093881078039,ACM000000599,4,
093881078039,ACM000000903,3,
095389119486,ACM000000313,3,Open-architected heuristic encryption
095389119486,ACM000000596,1,Versatile bandwidth-monitored implementation
096661773721,ACM000000438,4,Up-sized context-sensitive complexity
105877071806,ACM000000100,5,User-friendly holistic data-warehouse
107997324043,ACM000000022,4,
108196689462,ACM000000056,5,Universal upward-trending standardization
110077588124,ACM000000025,3,Centralized web-enabled monitoring
110077588124,ACM000000288,5,Business-focused context-sensitive open architecture
110306035408,ACM000000452,4,Persevering human-resource service-desk
111315654872,ACM000000263,3,Optimized regional benchmark
117153955785,ACM000000617,4,
117153955785,ACM000000673,5,Realigned impactful conglomeration
117153955785,ACM000000674,4,Function-based dedicated neural-net
119071605011,ACM000000124,4,User-centric discrete superstructure
119177285955,ACM000000013,3,Cross-group didactic initiative
125445596171,ACM000000094,2,Profound modular extranet
125900493445,ACM000000546,5,
126043817972,ACM000000164,5,
126043817972,ACM000000935,4,Cross-platform 5th generation knowledge user
126043817972,ACM000000952,4,Re-engineered didactic knowledge user
128330324024,ACM000000248,5,
128330324024,ACM000000964,4,Implemented content-based local area network
131803151724,ACM000000420,5,Innovative dynamic complexity
131940202651,ACM000000654,3,Synergized bottom-line standardization
134755019307,ACM000000141,5,
136672719269,ACM000000214,4,Sharable web-enabled middleware
136672719269,ACM000000229,5,Synchronised real-time hub
136672719269,ACM000000613,1,Self-enabling non-volatile framework
136672719269,ACM000000790,2,Total bi-directional hierarchy
138394378797,ACM000000262,4,Cloned next generation moderator
140233254693,ACM000000884,3,Versatile static internet solution
143575788653,ACM000000050,4,Multi-layered clear-thinking help-desk
143575788653,ACM000000728,4,
143575788653,ACM000000771,3,
144351757149,ACM000000159,4,
144351757149,ACM000000216,4,
144351757149,ACM000000243,3,Triple-buffered bi-directional monitoring
145544650478,ACM000000481,3,
154994897151,ACM000000137,4,Cross-platform transitional matrices
155034065160,ACM000000870,3,Virtual optimal secured line
155129505824,ACM000000542,4,Persevering solution-oriented workforce
155129505824,ACM000000714,3,
155129505824,ACM000000790,4,Function-based holistic local area network
157426904874,ACM000000116,5,
157426904874,ACM000000411,4,Compatible discrete moratorium
157426904874,ACM000000933,2,Inverse web-enabled info-mediaries
157838770911,ACM000000232,3,
161512352517,ACM000000867,1,Down-sized didactic customer loyalty
164878207122,ACM000000326,3,Stand-alone global system engine
165326944054,ACM000000177,3,Persistent client-driven initiative
165326944054,ACM000000207,4,
167298411764,ACM000000886,4,Profit-focused leading edge projection
168411192624,ACM000000117,3,Adaptive impactful alliance
168503646531,ACM000000474,3,
172531438418,ACM000000602,4,Seamless maximized circuit
180718328673,ACM000000247,3,Organized tertiary standardization
186800744271,ACM000000196,2,
186800744271,ACM000000546,3,
187040968153,ACM000000454,2,Reverse-engineered non-volatile website
189402509102,ACM000000837,3,Optional user-facing initiative
189852212423,ACM000000413,5,Open-source dynamic moderator
191286579561,ACM000000492,4,Right-sized transitional architecture
191286579561,ACM000000929,4,Cross-group value-added functionalities
193145279849,ACM000000299,3,Open-architected logistical flexibility
193145279849,ACM000000427,5,Balanced heuristic internet solution
193188059917,ACM000000808,3,Polarised systematic database
193706033145,ACM000000056,1,Focused tertiary alliance
193706033145,ACM000000395,3,
193706033145,ACM000000432,5,Secured value-added success
194412410885,ACM000000571,4,Compatible context-sensitive hub
194412410885,ACM000000929,3,
200281132806,ACM000000890,5,Devolved holistic function
200385978246,ACM000000839,3,Adaptive secondary encoding
205302159838,ACM000000694,5,Triple-buffered impactful solution
207770243823,ACM000000597,3,
208210910181,ACM000000052,3,User-centric content-based application
208210910181,ACM000000464,3,Upgradable real-time model
208210910181,ACM000000896,3,Open-architected actuating success
212976053077,ACM000000896,2,
213483416750,ACM000000709,4,
213520331891,ACM000000886,5,Secured background application
216841986249,ACM000000890,4,
217247405664,ACM000001000,5,Right-sized full-range installation
220372018447,ACM000000788,4,Future-proofed coherent functionalities
220581828911,ACM000000276,5,User-centric empowering secured line
226720845391,ACM000000088,4,Enterprise-wide bi-directional encoding
226720845391,ACM000000393,1,Vision-oriented composite infrastructure
226720845391,ACM000000916,3,
227303443940,ACM000000218,3,Multi-tiered 6th generation installation
227359156684,ACM000000364,4,Customizable didactic projection
227359156684,ACM000000735,4,Organic 6th generation adapter
228297336202,ACM000000067,4,Managed solution-oriented infrastructure
234545752000,ACM000000121,5,Vision-oriented intermediate paradigm
234545752000,ACM000000206,4,
234545752000,ACM000000424,4,Switchable modular implementation
235676639768,ACM000000221,2,Digitized zero tolerance knowledge user
238739188216,ACM000000506,5,Integrated fresh-thinking functionalities
239334541689,ACM000000221,4,Object-based stable contingency
239334541689,ACM000000414,4,Public-key attitude-oriented utilisation
240070977309,ACM000000998,4,Up-sized high-level model
241528474294,ACM000000575,5,
241912971751,ACM000000389,2,
247365815105,ACM000000003,4,Realigned reciprocal matrix
249289558295,ACM000000588,1,
249289558295,ACM000000971,5,
262239594109,ACM000000482,5,
269726115866,ACM000000165,5,Profit-focused empowering data-warehouse
273064703188,ACM000000009,4,Operative 4th generation adapter
273910697116,ACM000000134,1,
273910697116,ACM000000275,4,Vision-oriented heuristic application
273910697116,ACM000000373,4,Integrated user-facing installation
273910697116,ACM000000920,3,Customer-focused uniform process improvement
274365559344,ACM000000472,4,
274365559344,ACM000000582,5,Vision-oriented encompassing open architecture
277930978021,ACM000000533,4,Up-sized solution-oriented focus group
277930978021,ACM000000614,4,
284470538118,ACM000000136,5,Business-focused clear-thinking support
285451491039,ACM000000381,4,Organized demand-driven pricing structure
285451491039,ACM000000814,4,Triple-buffered homogeneous forecast
291753986898,ACM000000025,5,
291853891796,ACM000000199,5,Reactive grid-enabled frame
291853891796,ACM000000568,5,Re-contextualized optimizing service-desk
293797799933,ACM000000492,5,
299702711430,ACM000000116,3,
300624490777,ACM000000723,4,Customizable non-volatile Graphical User Interface
301832955774,ACM000000381,5,User-friendly impactful encoding
302573055221,ACM000000009,5,
302573055221,ACM000000588,4,User-friendly uniform internet solution
302573055221,ACM000000871,4,Virtual well-modulated process improvement
307286854093,ACM000000326,5,Enterprise-wide leading edge instruction set
315628922630,ACM000000941,4,Innovative object-oriented workforce
324768090941,ACM000000669,4,Persevering static workforce
326739875355,ACM000000222,5,Fully-configurable system-worthy model
326739875355,ACM000000727,4,Enterprise-wide executive groupware
327726409697,ACM000000501,1,
327726409697,ACM000000834,3,Compatible 24/7 challenge
327726409697,ACM000000983,4,Object-based exuding workforce
329938746424,ACM000000871,3,Operative system-worthy budgetary management
333714515542,ACM000000239,3,
333714515542,ACM000000520,3,Persevering local help-desk
333714515542,ACM000000973,4,Function-based 4th generation leverage
334270011444,ACM000000575,4,Up-sized exuding intranet
334270011444,ACM000000903,4,
334457043923,ACM000000529,5,
340346089771,ACM000000691,3,Networked asynchronous architecture
340439707812,ACM000000174,4,Function-based zero defect policy
340439707812,ACM000000534,4,
341625502953,ACM000000345,4,
342432237439,ACM000000004,3,
342432237439,ACM000000707,5,
348347108653,ACM000000411,5,Organic demand-driven secured line
348740173645,ACM000000588,5,Function-based tertiary contingency
350499621247,ACM000000192,5,Open-source stable methodology
350499621247,ACM000000595,5,Open-source well-modulated focus group
350862673853,ACM000000814,4,
352782807920,ACM000000216,5,Open-source disintermediate core
352782807920,ACM000000674,3,Balanced uniform function
353071188256,ACM000000142,1,Function-based background benchmark
353071188256,ACM000000592,3,Upgradable client-driven methodology
353071188256,ACM000000649,4,
353436663215,ACM000000353,4,Total uniform emulation
365508886328,ACM000000745,3,Customizable client-driven portal
367252786785,ACM000000230,3,Proactive scalable model
373436444456,ACM000000622,2,
373436444456,ACM000000914,4,Team-oriented hybrid functionalities
373441638943,ACM000000241,3,Horizontal asynchronous artificial intelligence
376999482789,ACM000000769,4,Integrated upward-trending functionalities
381128111610,ACM000000727,5,Expanded client-driven emulation
381323314146,ACM000000573,3,Fundamental interactive system engine
393766506742,ACM000000093,4,
393766506742,ACM000000683,3,Up-sized contextually-based contingency
394710475885,ACM000000410,4,Multi-lateral national policy
398889857720,ACM000000500,3,Versatile system-worthy protocol
399121764364,ACM000000439,4,Cloned neutral forecast
399121764364,ACM000000910,1,Profit-focused dynamic middleware
402694842331,ACM000000178,5,Inverse directional projection
403077397474,ACM000000834,4,
406916179071,ACM000000592,4,Automated regional hardware
410435473931,ACM000000156,5,Diverse multimedia toolset
410435473931,ACM000000184,4,
410435473931,ACM000000715,3,
410448929150,ACM000000689,4,Focused stable analyzer
410448929150,ACM000000742,4,
411114391834,ACM000000308,5,User-friendly well-modulated paradigm
411114391834,ACM000000486,4,
411404555777,ACM000000735,4,Virtual tangible attitude
411636003468,ACM000000589,4,Enterprise-wide object-oriented concept
411636003468,ACM000000731,2,User-centric motivating leverage
420179926598,ACM000000759,5,Optimized tertiary methodology
421593713120,ACM000000629,5,Optional fault-tolerant standardization
428103210772,ACM000000460,4,
428103210772,ACM000000810,4,Networked intangible challenge
434243459569,ACM000000122,2,
434463846392,ACM000000897,4,Reactive impactful middleware
434654662496,ACM000000910,3,Self-enabling incremental superstructure
437493277116,ACM000000972,1,
438074672462,ACM000000682,4,Team-oriented modular parallelism
438074672462,ACM000000804,3,Total secondary encryption
440865397975,ACM000000125,3,
443366998051,ACM000000581,4,Persistent clear-thinking infrastructure
443686619728,ACM000000206,3,Ameliorated regional instruction set
445790815188,ACM000000205,3,Enterprise-wide global success
445790815188,ACM000000322,5,
447749389923,ACM000000443,3,Business-focused modular knowledge base
452060219418,ACM000000444,4,Vision-oriented discrete service-desk
452060219418,ACM000000673,5,Balanced 24/7 neural-net
452101242355,ACM000000463,3,Managed zero defect time-frame
452359587088,ACM000000119,4,Progressive intangible capacity
452412358633,ACM000000769,5,Virtual dedicated standardization
455487346871,ACM000000256,4,Progressive grid-enabled forecast
465345368152,ACM000000244,4,
465345368152,ACM000000259,1,
472058391224,ACM000000255,3,
473056004684,ACM000000243,3,
473056004684,ACM000000314,3,Mandatory zero defect policy
475786609387,ACM000000061,5,Fundamental context-sensitive process improvement
487095122216,ACM000000669,4,Total holistic policy
493887799630,ACM000000477,4,Fundamental upward-trending portal
495304162582,ACM000000373,4,Optimized coherent product
497119322461,ACM000000094,3,
497119322461,ACM000000275,3,
498644631137,ACM000000635,2,Compatible fault-tolerant productivity
500130563497,ACM000000617,4,Implemented optimal groupware
500676387564,ACM000000741,3,
504964446390,ACM000000492,5,Devolved secondary approach
507052922298,ACM000000915,4,
507577047225,ACM000000264,2,Function-based discrete utilisation
507577047225,ACM000000582,4,
507839606277,ACM000000475,4,Customizable methodical info-mediaries
511748534461,ACM000000089,4,Networked uniform groupware
512726275175,ACM000000330,3,Optional next generation functionalities
519174707220,ACM000000313,4,
521170599327,ACM000000255,3,
521170599327,ACM000000634,5,Visionary homogeneous software
522359392126,ACM000000239,5,Ameliorated 4th generation challenge
522359392126,ACM000000581,1,
522828927668,ACM000000751,3,Switchable 24 hour hub
523740410814,ACM000000088,4,
523940631694,ACM000000197,4,
527016402897,ACM000000616,4,Devolved scalable architecture
528480288982,ACM000000550,2,
529934732595,ACM000000917,4,
530843524644,ACM000000649,4,Managed didactic concept
531752180178,ACM000000574,3,Expanded optimal encoding
532098163034,ACM000000529,4,Stand-alone motivating intranet
533763315034,ACM000000205,2,Multi-tiered national toolset
537214708916,ACM000000206,4,Down-sized neutral project
539705626242,ACM000000705,4,
550750980755,ACM000000248,5,Networked discrete open architecture
550850252534,ACM000000505,4,Cloned analyzing framework
555528146613,ACM000000472,5,
556345442060,ACM000000811,1,Configurable mission-critical application
556345442060,ACM000000815,5,Cross-platform coherent task-force
559377771965,ACM000000071,5,
559377771965,ACM000000201,4,Re-contextualized 6th generation moratorium
561152284789,ACM000000366,4,Diverse solution-oriented focus group
561152284789,ACM000000751,4,Seamless intermediate conglomeration
561230102493,ACM000000439,4,Exclusive composite alliance
561230102493,ACM000000569,5,
561230102493,ACM000000628,3,Sharable responsive hardware
561712479376,ACM000000247,1,
569052044590,ACM000000815,5,Implemented attitude-oriented capacity
571328701172,ACM000000511,3,Operative fresh-thinking middleware
571328701172,ACM000000810,3,User-friendly neutral process improvement
572265201020,ACM000000946,1,De-engineered bandwidth-monitored info-mediaries
573181886302,ACM000000308,5,
578716233163,ACM000000422,4,
579884933554,ACM000000222,3,
579884933554,ACM000000983,4,Profit-focused 24/7 emulation
580343903266,ACM000000689,3,
580435320902,ACM000000121,3,Profit-focused heuristic architecture
587224984547,ACM000000263,4,Cloned 3rd generation help-desk
587224984547,ACM000000690,4,Reduced zero defect ability
600451014521,ACM000000460,4,
600451014521,ACM000000928,5,Decentralized responsive focus group
603598194576,ACM000000643,4,
605481121894,ACM000000202,3,Profit-focused 4th generation ability
605481121894,ACM000000483,3,
605481121894,ACM000000640,4,Assimilated value-added framework
605672577515,ACM000000045,3,Ergonomic incremental hierarchy
606027913641,ACM000000282,3,Vision-oriented web-enabled challenge
606277934774,ACM000000631,2,Phased client-server complexity
608475129737,ACM000000779,5,Focused encompassing middleware
609302048980,ACM000000081,3,Customer-focused maximized Graphic Interface
611172066718,ACM000000276,3,Adaptive coherent frame
611678162273,ACM000000072,4,Re-contextualized scalable artificial intelligence
611678162273,ACM000000450,3,Object-based empowering toolset
614863882871,ACM000000452,4,Customer-focused zero tolerance productivity
617984409166,ACM000000995,4,
618173698233,ACM000000839,3,Devolved 5th generation migration
620619699085,ACM000000374,3,
621284307356,ACM000000526,5,
622713675577,ACM000000638,1,Integrated intangible approach
622713675577,ACM000000682,4,Sharable interactive approach
623318071268,ACM000000927,4,
623961623215,ACM000000582,3,
624374014180,ACM000000188,4,Phased grid-enabled data-warehouse
624626155319,ACM000000330,2,Stand-alone client-server flexibility
625508202322,ACM000000859,4,
627929771309,ACM000000408,4,Enhanced clear-thinking local area network
631099807906,ACM000000176,5,Optional human-resource attitude
631099807906,ACM000000239,4,Total systematic portal
631099807906,ACM000000269,4,Operative dynamic application
631099807906,ACM000000591,4,
635822811737,ACM000000884,4,Realigned value-added implementation
636895926451,ACM000000822,3,
638188837730,ACM000000001,4,
638383653612,ACM000000311,3,Versatile secondary support
640693047608,ACM000000036,3,Operative grid-enabled installation
640693047608,ACM000000727,3,Object-based foreground complexity
642138159650,ACM000000916,4,Innovative reciprocal collaboration
642821455381,ACM000000737,4,
645148642577,ACM000000474,5,
647535002658,ACM000000234,5,
651350804816,ACM000000192,5,
653809577245,ACM000000977,4,Customizable contextually-based monitoring
654516207433,ACM000000882,4,
657775644522,ACM000000919,4,Multi-channelled next generation encoding
659662162076,ACM000000975,4,
659713618314,ACM000000462,4,
660154721433,ACM000000451,5,Adaptive methodical customer loyalty
661610870310,ACM000000764,1,
661752637108,ACM000000072,4,Managed holistic contingency
661752637108,ACM000000464,4,Optional modular encryption
662342203843,ACM000000460,4,Progressive mobile architecture
666162665702,ACM000000020,4,Business-focused actuating hierarchy
666162665702,ACM000000920,5,Pre-emptive value-added portal
666192058022,ACM000000454,5,Reverse-engineered web-enabled Graphical User Interface
666192058022,ACM000000675,4,Integrated bottom-line hierarchy
667385178610,ACM000000427,4,Distributed real-time archive
669117457763,ACM000000750,4,
674947526594,ACM000000982,5,Intuitive incremental success
677843107451,ACM000000783,5,
679375598742,ACM000000063,5,Managed systemic challenge
680233331437,ACM000000020,5,Profit-focused value-added benchmark
681531865986,ACM000000135,4,Virtual grid-enabled frame
686477111918,ACM000000385,3,Re-engineered context-sensitive monitoring
688543306543,ACM000000567,5,
690714655257,ACM000000003,4,
702312670197,ACM000000475,3,Automated systemic product
702358582213,ACM000000306,4,Customizable client-server adapter
702876742580,ACM000000182,5,
703024730323,ACM000000273,4,
703166403051,ACM000000867,4,Profit-focused fault-tolerant toolset
707389676395,ACM000000569,4,
708155274261,ACM000000940,1,Business-focused hybrid open architecture
708751997004,ACM000000881,1,
711517048931,ACM000000920,4,
713226489270,ACM000000125,3,Organic directional conglomeration
713226489270,ACM000000971,5,Intuitive multi-tasking alliance
716474492730,ACM000000204,4,Expanded needs-based knowledge base
725574958599,ACM000000409,4,Multi-lateral system-worthy local area network
725574958599,ACM000000486,5,
729181151587,ACM000000924,4,Integrated tertiary neural-net
729186585224,ACM000000203,4,
729186585224,ACM000000541,4,Reactive asymmetric service-desk
730232926532,ACM000000329,5,
735213772447,ACM000000877,4,Team-oriented fresh-thinking Graphic Interface
739627173803,ACM000000275,4,Re-contextualized 24/7 architecture
744950982554,ACM000000809,5,Total well-modulated architecture
746390838212,ACM000000093,4,
746436838461,ACM000000268,4,
748180018177,ACM000000763,3,Total grid-enabled matrix
750329835775,ACM000000375,2,Integrated multi-tasking collaboration
750329835775,ACM000000520,4,
751847278623,ACM000000490,5,Synergized actuating success
754955581081,ACM000000455,3,
755938167902,ACM000000546,3,Persevering coherent throughput
756572939494,ACM000000061,5,
758217861679,ACM000000223,4,Grass-roots object-oriented flexibility
761609770712,ACM000000116,3,Focused composite time-frame
761992414414,ACM000000322,4,
761992414414,ACM000000363,4,
762345631822,ACM000000611,3,Customizable 24 hour leverage
768649514024,ACM000000990,4,Operative executive support
775209071244,ACM000000316,3,Triple-buffered modular policy
775214336512,ACM000000973,3,Universal asynchronous core
778910867812,ACM000000278,4,Compatible exuding alliance
778910867812,ACM000000388,4,
784958854100,ACM000000253,5,
786215422764,ACM000000902,4,Seamless upward-trending conglomeration
786507849738,ACM000000669,5,Decentralized cohesive contingency
788551045975,ACM000000174,4,Down-sized 4th generation knowledge user
789063008696,ACM000000860,5,Persistent transitional instruction set
789586033800,ACM000000950,4,
790070031478,ACM000000265,1,Switchable radical portal
792212122430,ACM000000167,5,
797600339977,ACM000000254,3,Horizontal didactic system engine
797600339977,ACM000000591,4,
797907117519,ACM000000724,3,
797907117519,ACM000000861,4,Stand-alone content-based capability
799071359342,ACM000000197,4,User-centric local challenge
799071359342,ACM000000366,3,
799071359342,ACM000000600,5,Front-line incremental conglomeration
803071639172,ACM000000788,5,Visionary tangible policy
803075033221,ACM000000545,5,
805260705176,ACM000000009,5,Secured tangible workforce
808830789638,ACM000000985,4,
810107822512,ACM000000003,5,
810107822512,ACM000000615,5,Ameliorated homogeneous intranet
811257538787,ACM000000398,4,Stand-alone composite extranet
811527637521,ACM000000399,5,Monitored grid-enabled standardization
811527637521,ACM000000968,5,Cross-group intermediate paradigm
811600931835,ACM000000273,3,
813890886058,ACM000000255,5,
813890886058,ACM000000534,4,
813890886058,ACM000000963,3,Re-engineered executive project
814369673427,ACM000000374,3,
817223980227,ACM000000492,3,Expanded heuristic time-frame
817782375474,ACM000000755,5,Front-line value-added Graphical User Interface
817782375474,ACM000000997,4,
821470911894,ACM000000241,4,Ameliorated content-based attitude
821470911894,ACM000000309,4,Pre-emptive content-based workforce
821739574960,ACM000000995,3,
821846373472,ACM000000845,3,User-friendly value-added standardization
826824695081,ACM000000374,4,
828039292832,ACM000000795,4,Compatible bifurcated intranet
829371559847,ACM000000362,5,User-friendly discrete superstructure
829371559847,ACM000000421,4,Re-contextualized next generation application
829371559847,ACM000000444,4,
835829908111,ACM000000071,4,Universal secondary portal
835829908111,ACM000000157,4,Operative analyzing archive
835829908111,ACM000000861,4,Ergonomic web-enabled frame
839046712364,ACM000000645,5,
840826533390,ACM000000623,1,Fundamental scalable capacity
840826533390,ACM000000657,5,Ergonomic high-level Graphical User Interface
845960286540,ACM000000398,3,
846979795409,ACM000000328,3,Multi-tiered 6th generation interface
846979795409,ACM000000472,5,
849748021789,ACM000000387,5,
864899211182,ACM000000521,4,
864899211182,ACM000000834,3,
864899211182,ACM000000956,4,
864983347807,ACM000000622,4,
866124892994,ACM000000218,5,Centralized explicit success
866124892994,ACM000000766,3,
873581036466,ACM000000988,4,Future-proofed interactive software
874166543375,ACM000000969,4,Upgradable full-range capacity
874940942062,ACM000000068,2,Reduced bi-directional workforce
874940942062,ACM000000917,1,
877659934941,ACM000000094,3,Reverse-engineered fault-tolerant infrastructure
877659934941,ACM000000788,5,Optimized 5th generation complexity
877993877038,ACM000000789,4,Virtual 4th generation frame
878414659908,ACM000000423,3,
878735979765,ACM000000188,5,
878735979765,ACM000000872,5,
879430384740,ACM000000322,5,
879430384740,ACM000000501,5,Multi-tiered disintermediate paradigm
879430384740,ACM000000985,4,Realigned asymmetric attitude
881802057102,ACM000000402,4,Assimilated 6th generation ability
884560858121,ACM000000262,3,Upgradable 4th generation secured line
888772620285,ACM000000696,3,
888772620285,ACM000000825,3,
889265324962,ACM000000031,5,
889265324962,ACM000000156,5,
889265324962,ACM000000311,3,Customer-focused scalable throughput
889962044547,ACM000000844,3,Organized grid-enabled budgetary management
891917204111,ACM000000079,4,Phased discrete superstructure
900868876872,ACM000000342,5,Organized executive algorithm
900868876872,ACM000000934,5,Focused empowering array
904116480401,ACM000000897,3,Optimized exuding interface
905251798895,ACM000000164,5,
911422376257,ACM000000521,4,Visionary 24 hour infrastructure
911422376257,ACM000000719,4,
911934141214,ACM000000012,4,
911934141214,ACM000000741,3,Versatile neutral circuit
912480261853,ACM000000763,4,Triple-buffered well-modulated time-frame
913227522137,ACM000000360,3,Triple-buffered actuating success
913234451928,ACM000000224,5,
917586112179,ACM000000218,5,Extended 5th generation open architecture
917637991555,ACM000000644,5,Reduced 3rd generation alliance
923905925963,ACM000000435,4,Profound discrete monitoring
925673080708,ACM000000442,5,
925673080708,ACM000000867,4,
925859673082,ACM000000832,1,Innovative encompassing flexibility
930352817524,ACM000000825,4,Decentralized zero administration parallelism
938703249930,ACM000000585,2,De-engineered zero defect moderator
939745241543,ACM000000122,3,Phased interactive time-frame
940746727949,ACM000000464,2,Team-oriented didactic solution
942453155160,ACM000000407,4,
942512381349,ACM000000213,4,Reverse-engineered even-keeled synergy
942512381349,ACM000000580,3,
942512381349,ACM000000832,5,Multi-layered impactful complexity
946822656227,ACM000000112,5,
946822656227,ACM000000908,2,
948141048940,ACM000000067,5,Operative tertiary budgetary management
948950927771,ACM000000960,4,Reverse-engineered national throughput
950185774689,ACM000000040,2,Phased neutral open system
953879318935,ACM000000101,4,Adaptive 24 hour adapter
953879318935,ACM000000736,4,Universal 5th generation collaboration
954545369109,ACM000000409,4,Diverse next generation info-mediaries
954545369109,ACM000000803,4,Cloned responsive database
954863674023,ACM000000486,3,Function-based user-facing Graphic Interface
957470900443,ACM000000260,5,Object-based dynamic moderator
960915197161,ACM000000545,4,Configurable bifurcated process improvement
960915197161,ACM000000629,5,
961729482812,ACM000000876,4,Centralized impactful moratorium
962848040821,ACM000000848,5,
963350791469,ACM000000361,4,Fundamental systemic info-mediaries
963350791469,ACM000000568,4,Inverse zero tolerance attitude
972977718077,ACM000000545,2,Object-based maximized approach
978471950304,ACM000000052,4,Fundamental 6th generation knowledge user
980177731725,ACM000000081,3,Configurable optimizing installation
980810324465,ACM000000276,4,Streamlined maximized software
982297098610,ACM000000408,4,Integrated discrete hierarchy
982728830791,ACM000000218,3,Business-focused modular ability
985650004111,ACM000000234,4,Enhanced scalable help-desk
985650004111,ACM000000602,4,Diverse value-added archive
989521981752,ACM000000352,5,Multi-tiered human-resource standardization
993192907432,ACM000000988,2,
993326349428,ACM000000941,3,Cross-platform system-worthy standardization
994380254010,ACM000000423,5,Fundamental explicit portal
